rule_id,A_5m,B_5m,A_15m,B_15m,A_1h,B_1h,A_1d,B_1d,n,frequency,mean_ret,hit_rate,t_stat,p_val_raw,p_val_bonf
0,False,False,False,False,False,False,False,False,722,0.012431129476584021,0.0005336834055971233,0.6371191135734072,1.75222913795033,0.07973441523378443,1.0
1,True,False,False,False,False,False,False,False,779,0.013412534435261707,0.00040437674391851736,0.5648267008985879,1.484870267927315,0.13757819340989666,1.0
2,False,True,False,False,False,False,False,False,703,0.012103994490358127,0.00016173534426624887,0.5391180654338549,0.4578010123986672,0.6470954083954599,1.0
3,True,True,False,False,False,False,False,False,933,0.01606404958677686,0.0003027100813442773,0.5423365487674169,1.1558831248558707,0.2477289660111074,1.0
4,False,False,True,False,False,False,False,False,610,0.01050275482093664,-0.00011916071566619928,0.5770491803278689,-0.25713622467935693,0.7970736142062432,1.0
5,True,False,True,False,False,False,False,False,1135,0.019542011019283746,6.20430125159087e-05,0.5533039647577093,0.24751061088267517,0.8045130806243308,1.0
6,False,True,True,False,False,False,False,False,425,0.007317493112947659,-0.00010320115155964557,0.5035294117647059,-0.3822216088607766,0.7022969949191935,1.0
7,True,True,True,False,False,False,False,False,306,0.005268595041322314,-0.000306480514546756,0.4542483660130719,-1.0236900905507,0.3059816773771199,1.0
8,False,False,False,True,False,False,False,False,364,0.006267217630853994,0.00019995101376255958,0.6098901098901099,0.48656816650737617,0.6265643873323644,1.0
9,True,False,False,True,False,False,False,False,388,0.006680440771349863,-0.00029193897307988744,0.5154639175257731,-0.7974622762887651,0.42518260334207314,1.0
10,False,True,False,True,False,False,False,False,676,0.011639118457300276,-0.0004088722837695174,0.46893491124260356,-1.2544947372559996,0.20966223741242995,1.0
11,True,True,False,True,False,False,False,False,498,0.008574380165289256,-0.00034443329206329195,0.4497991967871486,-1.051987729676726,0.292805179277411,1.0
12,False,False,True,True,False,False,False,False,462,0.007954545454545454,1.3902279089739514e-05,0.4523809523809524,0.040905461569508465,0.9673712633906492,1.0
13,True,False,True,True,False,False,False,False,1020,0.01756198347107438,0.00022734941789003075,0.5352941176470588,0.8043653703117553,0.42118599463006,1.0
14,False,True,True,True,False,False,False,False,529,0.009108126721763086,7.874964662935171e-05,0.46313799621928164,0.29629812036157127,0.7670024212764466,1.0
15,True,True,True,True,False,False,False,False,407,0.007007575757575758,-0.0002538246865189679,0.4619164619164619,-1.0023846176382283,0.31615786848900207,1.0
16,False,False,False,False,True,False,False,False,957,0.016477272727272726,0.00032871500818896707,0.5109717868338558,0.9897126451558584,0.3223145925022095,1.0
17,True,False,False,False,True,False,False,False,589,0.010141184573002756,0.00029239488066718503,0.534804753820034,1.2445344844731312,0.21330291580974226,1.0
18,False,True,False,False,True,False,False,False,146,0.0025137741046831956,-0.00045047245642191935,0.4863013698630137,-0.62308096435885,0.5332313181386226,1.0
19,True,True,False,False,True,False,False,False,437,0.007524104683195592,0.00025694405972806434,0.5697940503432495,1.0734117722971521,0.28308640489261183,1.0
20,False,False,True,False,True,False,False,False,241,0.004149449035812672,0.0004489537987706045,0.5601659751037344,1.0821726032480883,0.27917583966863824,1.0
21,True,False,True,False,True,False,False,False,187,0.0032196969696969696,0.00029641020725685614,0.5935828877005348,0.4679387622038992,0.639828382775649,1.0
22,False,True,True,False,True,False,False,False,664,0.011432506887052342,0.0002713225927691374,0.5391566265060241,1.36944462837591,0.17086033207273732,1.0
23,True,True,True,False,True,False,False,False,540,0.009297520661157025,0.00020620237953518188,0.5796296296296296,0.6121103677540615,0.5404647384753118,1.0
24,False,False,False,True,True,False,False,False,1290,0.02221074380165289,-0.00014481246165701334,0.5310077519379846,-0.3513079426629004,0.7253573368522275,1.0
25,True,False,False,True,True,False,False,False,465,0.008006198347107437,-0.00029910120866366325,0.4946236559139785,-0.8172811892755331,0.4137677540750816,1.0
26,False,True,False,True,True,False,False,False,76,0.0013085399449035812,0.0034056174157723724,0.7236842105263158,1.9113506445950632,0.05595953480190687,1.0
27,True,True,False,True,True,False,False,False,266,0.004579889807162534,0.0009697920739920758,0.5977443609022557,1.810673578213012,0.07019139515559727,1.0
28,False,False,True,True,True,False,False,False,338,0.005819559228650138,0.0001792803077255846,0.5384615384615384,0.46564552789188074,0.6414692488672715,1.0
29,True,False,True,True,True,False,False,False,68,0.0011707988980716253,0.0005672768937921732,0.6029411764705882,0.8795581743463339,0.379098705384746,1.0
30,False,True,True,True,True,False,False,False,710,0.012224517906336088,-0.0005092930838216179,0.5507042253521127,-0.8439618013926331,0.39869075142182886,1.0
31,True,True,True,True,True,False,False,False,687,0.011828512396694215,0.0005844240666100161,0.6171761280931587,1.1817779754680413,0.2372938090699832,1.0
32,False,False,False,False,False,True,False,False,352,0.006060606060606061,-0.00014352250922341068,0.5255681818181818,-0.3372072578094289,0.7359606664454565,1.0
33,True,False,False,False,False,True,False,False,347,0.005974517906336088,-0.000399458467443755,0.5302593659942363,-0.5379141316665921,0.5906363317267889,1.0
34,False,True,False,False,False,True,False,False,367,0.006318870523415978,0.0004272928528882568,0.43869209809264303,0.5887675274271762,0.556017231938469,1.0
35,True,True,False,False,False,True,False,False,454,0.007816804407713498,-0.00013872352679041494,0.4118942731277533,-0.2052602874986576,0.8373687694108302,1.0
36,False,False,True,False,False,True,False,False,487,0.008384986225895317,0.000252832013898594,0.5544147843942505,0.44190296990072153,0.6585594214437315,1.0
37,True,False,True,False,False,True,False,False,889,0.015306473829201101,0.00047542187197064354,0.5658042744656918,1.4384589507046956,0.15030387657233069,1.0
38,False,True,True,False,False,True,False,False,300,0.005165289256198347,-0.00043534743737222214,0.5466666666666666,-0.6413161376371465,0.52131730654151,1.0
39,True,True,True,False,False,True,False,False,202,0.003477961432506887,0.00016160889662590838,0.5693069306930693,0.3379299330452525,0.7354159898142816,1.0
40,False,False,False,True,False,True,False,False,38,0.0006542699724517906,-0.0006027815886395987,0.5263157894736842,-1.3772093267215406,0.16844753909743648,1.0
41,True,False,False,True,False,True,False,False,324,0.005578512396694215,8.909809453102986e-06,0.5123456790123457,0.02027338922173373,0.9838252837482788,1.0
42,False,True,False,True,False,True,False,False,573,0.009865702479338843,0.0004234632478115184,0.5008726003490401,0.9794445812516066,0.3273603585069985,1.0
43,True,True,False,True,False,True,False,False,571,0.009831267217630854,-4.5620015332002995e-05,0.51138353765324,-0.12714597110948453,0.8988248670062191,1.0
44,False,False,True,True,False,True,False,False,277,0.004769283746556474,0.0005954199006560284,0.5884476534296029,0.7718643164165919,0.4401947937716535,1.0
45,True,False,True,True,False,True,False,False,925,0.015926308539944905,9.721857481431938e-05,0.4983783783783784,0.3018889560330524,0.7627367150268325,1.0
46,False,True,True,True,False,True,False,False,183,0.0031508264462809916,0.0008930848099670867,0.5519125683060109,1.8954358167825922,0.05803468736121126,1.0
47,True,True,True,True,False,True,False,False,127,0.0021866391184573,0.00011027189212310848,0.4645669291338583,0.3385694601400145,0.7349340924315783,1.0
48,False,False,False,False,True,True,False,False,1099,0.018922176308539946,-0.0002196053426438674,0.5250227479526842,-0.5661342470437463,0.5713025240038749,1.0
49,True,False,False,False,True,True,False,False,520,0.008953168044077135,-0.00014787450985123685,0.4576923076923077,-0.4982754506396752,0.6182899086018657,1.0
50,False,True,False,False,True,True,False,False,180,0.0030991735537190084,-0.00026602490252946773,0.4777777777777778,-0.37480437642515535,0.7078059592357167,1.0
51,True,True,False,False,True,True,False,False,244,0.004201101928374655,0.00042876137601624656,0.5737704918032787,1.0152395625223793,0.3099916460378713,1.0
52,False,False,True,False,True,True,False,False,381,0.0065599173553719005,0.0002560937804784102,0.5590551181102362,0.5047716484822464,0.6137192310517086,1.0
53,True,False,True,False,True,True,False,False,363,0.00625,-0.00028241221212043526,0.5785123966942148,-0.34906861242599063,0.7270377998829218,1.0
54,False,True,True,False,True,True,False,False,684,0.011776859504132231,9.717181566917712e-05,0.5131578947368421,0.18724296185005468,0.8514701417725592,1.0
55,True,True,True,False,True,True,False,False,619,0.01065771349862259,0.0001401157693024284,0.5589660743134087,0.31470143771023373,0.7529883525470471,1.0
56,False,False,False,True,True,True,False,False,940,0.01618457300275482,-0.00016577888369763611,0.551063829787234,-0.5695117653727134,0.5690088886268018,1.0
57,True,False,False,True,True,True,False,False,353,0.0060778236914600554,-0.0004340106683280502,0.5325779036827195,-0.9438725477654402,0.3452347820012326,1.0
58,False,True,False,True,True,True,False,False,147,0.00253099173553719,0.0005658352688992874,0.6462585034013606,0.8761305493837287,0.38095906677343017,1.0
59,True,True,False,True,True,True,False,False,317,0.005457988980716253,0.00047631922059057354,0.5299684542586751,0.9437925787806111,0.34527565368780355,1.0
60,False,False,True,True,True,True,False,False,309,0.005320247933884297,-0.00010744358041747958,0.5016181229773463,-0.5208005471446303,0.6025057219023746,1.0
61,True,False,True,True,True,True,False,False,50,0.0008608815426997245,-0.00042941840783532913,0.6,-0.5936098466429238,0.5527730936551739,1.0
62,False,True,True,True,True,True,False,False,497,0.008557162534435262,0.0003854614259521543,0.5070422535211268,0.7961053702756948,0.42597079303301955,1.0
63,True,True,True,True,True,True,False,False,497,0.008557162534435262,0.0003173291120930221,0.5835010060362174,0.6292554720839929,0.5291818177137466,1.0
64,False,False,False,False,False,False,True,False,211,0.0036329201101928375,0.0003524220234229436,0.5118483412322274,0.7786958969148097,0.43615887368648276,1.0
65,True,False,False,False,False,False,True,False,201,0.0034607438016528926,-0.00029244259167216565,0.4925373134328358,-0.6812577435769462,0.4957084161880746,1.0
66,False,True,False,False,False,False,True,False,309,0.005320247933884297,-0.00024071400538952793,0.48220064724919093,-0.6739685818720736,0.5003312883768735,1.0
67,True,True,False,False,False,False,True,False,269,0.004631542699724518,-0.0006075354771598422,0.43866171003717475,-1.369880511326178,0.17072420420863343,1.0
68,False,False,True,False,False,False,True,False,228,0.003925619834710744,-0.001005438845911852,0.4166666666666667,-2.04166272813715,0.0411849983450663,1.0
69,True,False,True,False,False,False,True,False,417,0.0071797520661157025,-0.0005622896405329635,0.47002398081534774,-1.2271258679090824,0.21977528667799162,1.0
70,False,True,True,False,False,False,True,False,184,0.0031680440771349864,0.002066668063433491,0.47282608695652173,1.0968910777041543,0.2726890095191673,1.0
71,True,True,True,False,False,False,True,False,141,0.002427685950413223,-0.002118655690268933,0.45390070921985815,-0.7746998922673438,0.43851701468815385,1.0
72,False,False,False,True,False,False,True,False,27,0.00046487603305785124,0.00022700881263724735,0.7407407407407407,1.5971834152951077,0.1102248284628117,1.0
73,True,False,False,True,False,False,True,False,110,0.001893939393939394,-0.00028144482199042765,0.5181818181818182,-0.2955033671580501,0.7676093805103844,1.0
74,False,True,False,True,False,False,True,False,269,0.004631542699724518,-0.00030402332717015365,0.5390334572490706,-0.7580333327031104,0.4484310282665014,1.0
75,True,True,False,True,False,False,True,False,266,0.004579889807162534,-0.00047851826049085365,0.40977443609022557,-1.108915733571202,0.26746653577278956,1.0
76,False,False,True,True,False,False,True,False,119,0.0020488980716253445,-0.0006475405238073114,0.44537815126050423,-0.6723450787970467,0.5013640379508859,1.0
77,True,False,True,True,False,False,True,False,306,0.005268595041322314,-0.0009087199288003925,0.39215686274509803,-2.099839624713228,0.035742951265140044,1.0
78,False,True,True,True,False,False,True,False,178,0.003064738292011019,0.00013863127724213204,0.5337078651685393,0.355601444552215,0.7221390616769825,1.0
79,True,True,True,True,False,False,True,False,120,0.002066115702479339,0.0007045069793135877,0.6166666666666667,1.2626443199937882,0.20671703259445184,1.0
80,False,False,False,False,True,False,True,False,216,0.00371900826446281,0.0006660993327222337,0.5694444444444444,1.4635985958467517,0.14330365645162574,1.0
81,True,False,False,False,True,False,True,False,128,0.0022038567493112946,0.00011446203709213152,0.5390625,0.3784294615814006,0.7051115854791214,1.0
82,False,True,False,False,True,False,True,False,5,8.608815426997245e-05,0.00011931918184553414,0.6,,,
83,True,True,False,False,True,False,True,False,59,0.0010158402203856748,-0.0003635045891550283,0.4067796610169492,-0.8482390637149718,0.39630484615192973,1.0
84,False,False,True,False,True,False,True,False,33,0.0005681818181818182,0.004988842594736033,0.6363636363636364,1.3853034853240804,0.1659596884661998,1.0
85,True,False,True,False,True,False,True,False,23,0.0003960055096418733,-3.4445101935060734e-05,0.43478260869565216,-0.0698987788911688,0.9442742250576354,1.0
86,False,True,True,False,True,False,True,False,83,0.0014290633608815427,0.0005765325760531119,0.6385542168674698,1.0072726310827798,0.31380377823873906,1.0
87,True,True,True,False,True,False,True,False,93,0.0016012396694214876,0.00010434488443858265,0.6236559139784946,0.2195325685130335,0.8262352125649688,1.0
88,False,False,False,True,True,False,True,False,227,0.003908402203856749,0.00018334436298306515,0.4669603524229075,0.4140507548707368,0.678836936619567,1.0
89,True,False,False,True,True,False,True,False,46,0.0007920110192837466,0.00043264294488707435,0.5,0.6667431239090489,0.5049362281116323,1.0
90,False,True,False,True,True,False,True,False,2,3.443526170798898e-05,,,,,
91,True,True,False,True,True,False,True,False,34,0.0005853994490358127,0.0007489883931984275,0.4411764705882353,0.5937986411991377,0.5526467979907139,1.0
92,False,False,True,True,True,False,True,False,100,0.001721763085399449,0.0003648555938898024,0.55,0.5125453290078019,0.6082694044707635,1.0
93,True,False,True,True,True,False,True,False,2,3.443526170798898e-05,,,,,
94,False,True,True,True,True,False,True,False,246,0.004235537190082644,-4.9399898529841425e-05,0.5691056910569106,-0.1936163661564112,0.8464762823480607,1.0
95,True,True,True,True,True,False,True,False,159,0.002737603305785124,0.0005945434369394188,0.5723270440251572,2.1066876379392903,0.03514466446675856,1.0
96,False,False,False,False,False,True,True,False,306,0.005268595041322314,0.0006244984914944935,0.6013071895424836,1.6259155358042967,0.10396762470183853,1.0
97,True,False,False,False,False,True,True,False,304,0.005234159779614325,0.00028266075340331636,0.5657894736842105,0.8242066760768938,0.40982213432558734,1.0
98,False,True,False,False,False,True,True,False,214,0.003684573002754821,0.0002604809281361807,0.5467289719626168,0.5568899075577005,0.5776026505480835,1.0
99,True,True,False,False,False,True,True,False,310,0.005337465564738292,0.0004934926110235296,0.6258064516129033,1.652745588756413,0.09838265198161619,1.0
100,False,False,True,False,False,True,True,False,95,0.0016356749311294766,0.0001710061547295945,0.5368421052631579,0.384495318290127,0.7006113651985418,1.0
101,True,False,True,False,False,True,True,False,299,0.005148071625344352,0.0003368522624800385,0.5986622073578596,0.6777924169882117,0.49790331971105894,1.0
102,False,True,True,False,False,True,True,False,74,0.0012741046831955922,0.00020310737858856258,0.527027027027027,0.7259051499485668,0.4678969191827145,1.0
103,True,True,True,False,False,True,True,False,162,0.0027892561983471073,-0.0005977638919315534,0.4876543209876543,-0.976467616276132,0.3288327881910307,1.0
104,False,False,False,True,False,True,True,False,40,0.0006887052341597796,0.0009893627740383188,0.575,0.5300168404054155,0.5961002547919165,1.0
105,True,False,False,True,False,True,True,False,34,0.0005853994490358127,0.0002596185077182407,0.47058823529411764,0.4159181533537315,0.6774698953390099,1.0
106,False,True,False,True,False,True,True,False,60,0.0010330578512396695,-0.00018173308888754606,0.38333333333333336,-0.15192762468866586,0.8792440198523066,1.0
107,True,True,False,True,False,True,True,False,70,0.0012052341597796144,-0.00042303309219315753,0.42857142857142855,-0.4314623076318834,0.6661322535826608,1.0
108,False,False,True,True,False,True,True,False,93,0.0016012396694214876,-0.0009433248757663017,0.5161290322580645,-1.2867164614157969,0.19819313332145816,1.0
109,True,False,True,True,False,True,True,False,110,0.001893939393939394,0.0005512656271275184,0.4727272727272727,0.4168468592418129,0.6767904250412242,1.0
110,False,True,True,True,False,True,True,False,170,0.0029269972451790634,-2.2943129115384502e-05,0.6764705882352942,-0.019091389091559312,0.9847682006891079,1.0
111,True,True,True,True,False,True,True,False,107,0.0018422865013774106,-0.0003412557595137611,0.308411214953271,-0.57900392477446,0.5625865249328451,1.0
112,False,False,False,False,True,True,True,False,358,0.006163911845730028,-0.00018129656488456705,0.5502793296089385,-0.5289128275855159,0.5968659230133203,1.0
113,True,False,False,False,True,True,True,False,262,0.004511019283746556,1.841468754107803e-05,0.42748091603053434,0.06071335866110425,0.9515874926353577,1.0
114,False,True,False,False,True,True,True,False,2,3.443526170798898e-05,,,,,
115,True,True,False,False,True,True,True,False,89,0.0015323691460055096,0.0007205059549588434,0.5955056179775281,1.2330136932674136,0.21757065539510367,1.0
116,False,False,True,False,True,True,True,False,8,0.0001377410468319559,0.0011862016651890128,1.0,,,
117,True,False,True,False,True,True,True,False,3,5.165289256198347e-05,,,,,
118,False,True,True,False,True,True,True,False,5,8.608815426997245e-05,-0.0006868886308696975,0.8,,,
119,True,True,True,False,True,True,True,False,53,0.000912534435261708,0.0006227425170797261,0.49056603773584906,0.5909252432695383,0.5545705113621513,1.0
120,False,False,False,True,True,True,True,False,654,0.011260330578512397,0.0004239150668186313,0.5795107033639144,1.4814268556799015,0.13849286273168265,1.0
121,True,False,False,True,True,True,True,False,211,0.0036329201101928375,0.0018940715027100142,0.6919431279620853,3.6905140973614583,0.00022380128471776074,0.05729312888774675
122,False,True,False,True,True,True,True,False,6,0.00010330578512396694,0.0027534967351974062,0.5,,,
123,True,True,False,True,True,True,True,False,83,0.0014290633608815427,0.0018546244250660067,0.6385542168674698,2.741132268095561,0.0061227854395817394,1.0
124,False,False,True,True,True,True,True,False,276,0.004752066115702479,0.00012444438367115697,0.6884057971014492,0.3962654299385208,0.6919092271901689,1.0
125,True,False,True,True,True,True,True,False,4,6.887052341597796e-05,,,,,
126,False,True,True,True,True,True,True,False,329,0.005664600550964187,5.040976474910986e-05,0.5896656534954408,0.24815902869935597,0.8040113653132807,1.0
127,True,True,True,True,True,True,True,False,348,0.005991735537190083,-0.00013176843658955684,0.6264367816091954,-0.13190849709048919,0.8950566676548737,1.0
128,False,False,False,False,False,False,False,True,24,0.00041322314049586776,0.0009342728709345929,0.6666666666666666,1.719653247910708,0.08549549088098161,1.0
129,True,False,False,False,False,False,False,True,60,0.0010330578512396695,0.00023950834011658614,0.5833333333333334,0.953603037847804,0.3402846174603902,1.0
130,False,True,False,False,False,False,False,True,178,0.003064738292011019,-0.00046172772464516326,0.38202247191011235,-1.4426116467502765,0.14912990064156498,1.0
131,True,True,False,False,False,False,False,True,182,0.003133608815426997,-0.00032711727574986444,0.44505494505494503,-0.8708105279766861,0.38385761588100176,1.0
132,False,False,True,False,False,False,False,True,269,0.004631542699724518,0.0005327836345926022,0.550185873605948,1.0164237323962222,0.3094276490217539,1.0
133,True,False,True,False,False,False,False,True,379,0.006525482093663912,0.0003063128731769941,0.633245382585752,0.9049829555931306,0.3654744169534708,1.0
134,False,True,True,False,False,False,False,True,127,0.0021866391184573,-0.000194673814669238,0.5196850393700787,-0.4399808366856655,0.6599509867888675,1.0
135,True,True,True,False,False,False,False,True,53,0.000912534435261708,0.00024303093595757922,0.5660377358490566,0.4911876500434775,0.6232937329682644,1.0
136,False,False,False,True,False,False,False,True,7,0.00012052341597796144,0.0015907414509635748,0.5714285714285714,,,
137,True,False,False,True,False,False,False,True,98,0.00168732782369146,-0.001364986579114865,0.3163265306122449,-2.370980417037791,0.017740971036827015,1.0
138,False,True,False,True,False,False,False,True,311,0.005354683195592286,-0.0003706793741120974,0.41479099678456594,-1.1041759511739728,0.26951681959557827,1.0
139,True,True,False,True,False,False,False,True,235,0.004046143250688705,-0.0011276742886663171,0.3872340425531915,-1.6467182578592159,0.09961596963746372,1.0
140,False,False,True,True,False,False,False,True,133,0.002289944903581267,0.0022536271885926374,0.6691729323308271,2.1703761419896668,0.02997836266765733,1.0
141,True,False,True,True,False,False,False,True,411,0.007076446280991735,5.7965913938038705e-05,0.48418491484184917,0.20761214072395498,0.8355318239889296,1.0
142,False,True,True,True,False,False,False,True,78,0.0013429752066115702,0.0010421587948561135,0.6666666666666666,1.5904622703741,0.1117306436956748,1.0
143,True,True,True,True,False,False,False,True,26,0.00044765840220385673,0.0003595269399019073,0.6923076923076923,1.1517813969526098,0.24941091420574224,1.0
144,False,False,False,False,True,False,False,True,273,0.004700413223140496,-0.0007890470554473268,0.5347985347985348,-0.8251933943780865,0.40926180306259385,1.0
145,True,False,False,False,True,False,False,True,142,0.0024449035812672175,7.061008447740229e-05,0.4859154929577465,0.134085527603108,0.8933349435957041,1.0
146,False,True,False,False,True,False,False,True,63,0.0010847107438016529,0.0008292200935445768,0.6825396825396826,2.3165732958196887,0.020526987448688014,1.0
147,True,True,False,False,True,False,False,True,131,0.002255509641873278,0.00014156549723022516,0.5038167938931297,0.2560559177367597,0.797907660005392,1.0
148,False,False,True,False,True,False,False,True,139,0.0023932506887052343,0.0003865410096516476,0.5971223021582733,0.5705619464441011,0.5682966197436405,1.0
149,True,False,True,False,True,False,False,True,90,0.0015495867768595042,0.0005655253496036621,0.5444444444444444,1.1387667683525022,0.25480044584278294,1.0
150,False,True,True,False,True,False,False,True,368,0.006336088154269973,0.0007708137656487648,0.6114130434782609,1.574217985094229,0.1154370628129397,1.0
151,True,True,True,False,True,False,False,True,324,0.005578512396694215,0.001435827060551462,0.6820987654320988,3.382505690741962,0.000718277897003327,0.1838791416328517
152,False,False,False,True,True,False,False,True,318,0.005475206611570248,-0.00013084098438476447,0.550314465408805,-0.2291951724027716,0.8187172245913159,1.0
153,True,False,False,True,True,False,False,True,126,0.0021694214876033058,-0.0002520781622442801,0.5,-0.5009652822339842,0.6163955567427657,1.0
154,False,True,False,True,True,False,False,True,20,0.0003443526170798898,-0.0010034746772234592,0.5,-1.3099133558086535,0.19022514842260463,1.0
155,True,True,False,True,True,False,False,True,40,0.0006887052341597796,-0.0019565051955329925,0.3,-1.759984253647671,0.07841047644886952,1.0
156,False,False,True,True,True,False,False,True,109,0.0018767217630853994,0.00019275033780299296,0.5137614678899083,0.333735543128173,0.738579126259733,1.0
157,True,False,True,True,True,False,False,True,29,0.0004993112947658402,0.0019900410621947607,0.6551724137931034,1.2337309800666256,0.21730316577623288,1.0
158,False,True,True,True,True,False,False,True,228,0.003925619834710744,0.0001508541621799702,0.543859649122807,0.47663578624647257,0.6336214958681066,1.0
159,True,True,True,True,True,False,False,True,165,0.002840909090909091,0.00016595858076072744,0.5636363636363636,0.4567564746376877,0.6478460936178764,1.0
160,False,False,False,False,False,True,False,True,13,0.00022382920110192836,0.0006735734629666692,0.6153846153846154,,,
161,True,False,False,False,False,True,False,True,41,0.0007059228650137741,-0.0006910554974080213,0.34146341463414637,-0.6290483813714323,0.5293173824785323,1.0
162,False,True,False,False,False,True,False,True,58,0.0009986225895316804,-0.00013641213672261745,0.4827586206896552,-0.15845288270381405,0.8740999456928753,1.0
163,True,True,False,False,False,True,False,True,50,0.0008608815426997245,-0.000280305996891137,0.42,-0.3517152673141973,0.7250518096019483,1.0
164,False,False,True,False,False,True,False,True,65,0.001119146005509642,-0.0004716913486016396,0.4461538461538462,-0.8015993147971296,0.4227847741150871,1.0
165,True,False,True,False,False,True,False,True,105,0.0018078512396694215,-0.000727296572519508,0.4857142857142857,-1.1921089120059587,0.23321854300297107,1.0
166,False,True,True,False,False,True,False,True,45,0.0007747933884297521,-0.0005464951863525222,0.4222222222222222,-1.2792971658296037,0.20079243027386495,1.0
167,True,True,True,False,False,True,False,True,4,6.887052341597796e-05,,,,,
168,False,False,False,True,False,True,False,True,1,1.721763085399449e-05,,,,,
169,True,False,False,True,False,True,False,True,23,0.0003960055096418733,-0.0023303208300575994,0.21739130434782608,-3.214660775566726,0.0013059875664394806,0.33433281700850703
170,False,True,False,True,False,True,False,True,53,0.000912534435261708,0.0005061904437299916,0.5471698113207547,0.35689952324505925,0.7211670265875261,1.0
171,True,True,False,True,False,True,False,True,34,0.0005853994490358127,-0.0012405157788733653,0.3235294117647059,-0.8332418659830884,0.4047083353572173,1.0
172,False,False,True,True,False,True,False,True,23,0.0003960055096418733,0.001708901658410934,0.6956521739130435,1.6906007066417108,0.09091308961946855,1.0
173,True,False,True,True,False,True,False,True,101,0.0017389807162534435,0.0016776958933385632,0.6435643564356436,1.4291752988636788,0.15295385540420706,1.0
174,False,True,True,True,False,True,False,True,15,0.00025826446280991736,-2.3153892360398367e-05,0.5333333333333333,,,
175,True,True,True,True,False,True,False,True,5,8.608815426997245e-05,-0.0020734048784166294,0.2,,,
176,False,False,False,False,True,True,False,True,219,0.0037706611570247936,-0.00011664143804042918,0.4931506849315068,-0.209162263624863,0.8343215701071354,1.0
177,True,False,False,False,True,True,False,True,100,0.001721763085399449,-0.0005930014550726559,0.48,-0.7599567755171212,0.44728042250995226,1.0
178,False,True,False,False,True,True,False,True,49,0.00084366391184573,-0.0006575877693253883,0.32653061224489793,-0.47390268249213113,0.6355693062363941,1.0
179,True,True,False,False,True,True,False,True,67,0.001153581267217631,-0.00012807524173848525,0.34328358208955223,-0.17664010163744012,0.8597910927946598,1.0
180,False,False,True,False,True,True,False,True,79,0.0013601928374655646,-0.00017140930367167992,0.4050632911392405,-0.22315070652846974,0.8234182150647422,1.0
181,True,False,True,False,True,True,False,True,176,0.0030303030303030303,0.0014688607365211028,0.6193181818181818,2.0611835157656397,0.0392855355560146,1.0
182,False,True,True,False,True,True,False,True,160,0.0027548209366391185,0.0012437014540033404,0.68125,2.085209491680997,0.037050288696434175,1.0
183,True,True,True,False,True,True,False,True,65,0.001119146005509642,-0.0005604917805554371,0.6307692307692307,-0.368741004100444,0.7123207822885265,1.0
184,False,False,False,True,True,True,False,True,384,0.006611570247933884,0.00014828957789795165,0.5390625,0.5140188300048947,0.6072388257244864,1.0
185,True,False,False,True,True,True,False,True,159,0.002737603305785124,0.0006092867822133687,0.5849056603773585,1.5234835752921727,0.1276377668342327,1.0
186,False,True,False,True,True,True,False,True,40,0.0006887052341597796,-0.0007338937198398954,0.5,-0.5141289144406201,0.6071618630665176,1.0
187,True,True,False,True,True,True,False,True,95,0.0016356749311294766,0.00023639674899641179,0.5578947368421052,0.44238901925935,0.6582077236455769,1.0
188,False,False,True,True,True,True,False,True,107,0.0018422865013774106,-0.0002473369836142595,0.4205607476635514,-0.6922886647402803,0.4887560671345065,1.0
189,True,False,True,True,True,True,False,True,10,0.0001721763085399449,0.005767290361034317,1.0,,,
190,False,True,True,True,True,True,False,True,198,0.003409090909090909,0.0003111881160543315,0.5808080808080808,1.040001104425483,0.2983393875527941,1.0
191,True,True,True,True,True,True,False,True,201,0.0034607438016528926,0.0002898135796006348,0.6019900497512438,0.8908910284936916,0.37298763376359156,1.0
192,False,False,False,False,False,False,True,True,213,0.0036673553719008263,-0.0003879452090473281,0.4835680751173709,-0.7302735367350763,0.4652230006484541,1.0
193,True,False,False,False,False,False,True,True,239,0.004115013774104683,0.0003529264134555715,0.5815899581589958,1.2695786918383607,0.20423474350358606,1.0
194,False,True,False,False,False,False,True,True,322,0.005544077134986226,8.75765545696409e-05,0.4782608695652174,0.2059173300762911,0.8368554880925897,1.0
195,True,True,False,False,False,False,True,True,351,0.006043388429752066,0.0004807073006322668,0.5868945868945868,1.2263433495275493,0.22006949472884696,1.0
196,False,False,True,False,False,False,True,True,184,0.0031680440771349864,-0.00017209110014001445,0.5108695652173914,-0.2896105863612678,0.7721141671986469,1.0
197,True,False,True,False,False,False,True,True,464,0.007988980716253443,-0.0006094502787790117,0.4504310344827586,-1.8704404289775354,0.06142268215529409,1.0
198,False,True,True,False,False,False,True,True,151,0.002599862258953168,0.00024337399729955125,0.5165562913907285,0.5338654508986462,0.593434626768513,1.0
199,True,True,True,False,False,False,True,True,113,0.0019455922865013774,2.7552089264408558e-05,0.415929203539823,0.046070456993206305,0.9632540929006285,1.0
200,False,False,False,True,False,False,True,True,41,0.0007059228650137741,0.000689124446124207,0.6097560975609756,0.7643013449876456,0.4446876840616826,1.0
201,True,False,False,True,False,False,True,True,73,0.0012568870523415978,-0.0005816836927041317,0.3013698630136986,-1.9834212900467454,0.0473203909655145,1.0
202,False,True,False,True,False,False,True,True,129,0.0022210743801652894,3.827722373429551e-06,0.5271317829457365,0.018402588863905604,0.985317687178483,1.0
203,True,True,False,True,False,False,True,True,120,0.002066115702479339,8.999855373937049e-05,0.55,0.2902390787913139,0.7716333417019798,1.0
204,False,False,True,True,False,False,True,True,140,0.0024104683195592287,0.0007666327264788346,0.6214285714285714,1.3642377501954905,0.17249275062314473,1.0
205,True,False,True,True,False,False,True,True,320,0.005509641873278237,-0.00012225591190551528,0.484375,-0.18419357804660602,0.8538615972666532,1.0
206,False,True,True,True,False,False,True,True,195,0.0033574380165289257,0.0003569714399331431,0.5743589743589743,1.2189373657032536,0.22286796617093463,1.0
207,True,True,True,True,False,False,True,True,107,0.0018422865013774106,0.0015808524446135814,0.6355140186915887,2.075976369788384,0.03789613655191299,1.0
208,False,False,False,False,True,False,True,True,129,0.0022210743801652894,0.0008591410667428003,0.7364341085271318,1.4019644531252513,0.16092586186199198,1.0
209,True,False,False,False,True,False,True,True,87,0.0014979338842975207,-0.0002639746625863295,0.5172413793103449,-0.3455064638781524,0.7297136516648943,1.0
210,False,True,False,False,True,False,True,True,0,0.0,,,,,
211,True,True,False,False,True,False,True,True,51,0.0008780991735537191,0.0019443008875941628,0.8431372549019608,1.8494192185703335,0.06439730245390375,1.0
212,False,False,True,False,True,False,True,True,15,0.00025826446280991736,0.002428444232835947,0.9333333333333333,,,
213,True,False,True,False,True,False,True,True,1,1.721763085399449e-05,,,,,
214,False,True,True,False,True,False,True,True,47,0.000809228650137741,0.000639429436988137,0.6595744680851063,2.5265205539150988,0.011519864734966365,1.0
215,True,True,True,False,True,False,True,True,75,0.0012913223140495868,0.001990509332987453,0.6933333333333334,1.9561333273715094,0.05044945006716584,1.0
216,False,False,False,True,True,False,True,True,296,0.005096418732782369,0.0001469012712808296,0.4966216216216216,0.24664127478480088,0.8051858584645538,1.0
217,True,False,False,True,True,False,True,True,55,0.000946969696969697,0.0009207645280126126,0.5454545454545454,0.9089112774330479,0.3633969604322296,1.0
218,False,True,False,True,True,False,True,True,0,0.0,,,,,
219,True,True,False,True,True,False,True,True,12,0.00020661157024793388,0.001939107432711103,0.6666666666666666,,,
220,False,False,True,True,True,False,True,True,99,0.0017045454545454545,0.0005623935445776675,0.6767676767676768,1.8554639430123636,0.06353000359528409,1.0
221,True,False,True,True,True,False,True,True,3,5.165289256198347e-05,,,,,
222,False,True,True,True,True,False,True,True,191,0.0032885674931129477,0.00022421129172620635,0.5602094240837696,0.8702290975726467,0.3841752174129939,1.0
223,True,True,True,True,True,False,True,True,133,0.002289944903581267,0.0006977378976013402,0.6240601503759399,2.428098834390511,0.015178206393536798,1.0
224,False,False,False,False,False,True,True,True,542,0.009331955922865013,-0.00011508359098413969,0.503690036900369,-0.48219225758668194,0.62966937639636,1.0
225,True,False,False,False,False,True,True,True,336,0.005785123966942148,0.00011451200416802883,0.5178571428571429,0.4410318020520632,0.6591899740336133,1.0
226,False,True,False,False,False,True,True,True,172,0.0029614325068870523,-0.00040150445964691055,0.5116279069767442,-0.8599485546741921,0.3898174016719935,1.0
227,True,True,False,False,False,True,True,True,334,0.00575068870523416,0.00022029225609009607,0.5359281437125748,0.7193895156020045,0.4719009549381801,1.0
228,False,False,True,False,False,True,True,True,106,0.001825068870523416,0.00023281413863188527,0.4528301886792453,0.2850459963736337,0.7756089029698254,1.0
229,True,False,True,False,False,True,True,True,206,0.003546831955922865,0.0006731296358382045,0.6359223300970874,2.050004943192879,0.040363948437135304,1.0
230,False,True,True,False,False,True,True,True,85,0.0014634986225895317,0.0008690198978668478,0.6235294117647059,1.5301358212779501,0.12598311318049654,1.0
231,True,True,True,False,False,True,True,True,184,0.0031680440771349864,0.0009304535975369379,0.6956521739130435,2.179387522880551,0.029302892240934377,1.0
232,False,False,False,True,False,True,True,True,70,0.0012052341597796144,-0.0005104066101576765,0.45714285714285713,-1.8919077131242084,0.05850327793500871,1.0
233,True,False,False,True,False,True,True,True,12,0.00020661157024793388,0.004877522184791057,0.5833333333333334,,,
234,False,True,False,True,False,True,True,True,43,0.0007403581267217631,-0.002920273867712999,0.16279069767441862,-2.8599116568840537,0.004237590374451765,1.0
235,True,True,False,True,False,True,True,True,7,0.00012052341597796144,0.0015452355310519663,0.5714285714285714,,,
236,False,False,True,True,False,True,True,True,77,0.0013257575757575758,0.0005238629820762405,0.4155844155844156,0.6986058359620427,0.48479839555947735,1.0
237,True,False,True,True,False,True,True,True,52,0.0008953168044077135,0.00041729696628721127,0.46153846153846156,0.6548395333634793,0.512571074449458,1.0
238,False,True,True,True,False,True,True,True,123,0.002117768595041322,0.0004918420057355861,0.5284552845528455,0.8553748405996454,0.3923436673751325,1.0
239,True,True,True,True,False,True,True,True,96,0.001652892561983471,-0.00041078075770077313,0.40625,-1.1017488395064559,0.27057087773984345,1.0
240,False,False,False,False,True,True,True,True,451,0.007765151515151515,0.00022969133092193075,0.5299334811529933,0.7068526764587522,0.47965803530148154,1.0
241,True,False,False,False,True,True,True,True,291,0.005010330578512396,0.00016657353390898703,0.5670103092783505,0.5713371734658022,0.5677711078368113,1.0
242,False,True,False,False,True,True,True,True,3,5.165289256198347e-05,,,,,
243,True,True,False,False,True,True,True,True,98,0.00168732782369146,-0.0006423104013010873,0.35714285714285715,-2.152530970076623,0.03135555876736599,1.0
244,False,False,True,False,True,True,True,True,4,6.887052341597796e-05,,,,,
245,True,False,True,False,True,True,True,True,0,0.0,,,,,
246,False,True,True,False,True,True,True,True,4,6.887052341597796e-05,,,,,
247,True,True,True,False,True,True,True,True,58,0.0009986225895316804,-0.0004959807872988327,0.41379310344827586,-0.7881451754481117,0.4306117932880581,1.0
248,False,False,False,True,True,True,True,True,466,0.008023415977961433,0.000654049241861305,0.5622317596566524,2.8190951309785075,0.004815924278131186,1.0
249,True,False,False,True,True,True,True,True,124,0.002134986225895317,0.0010947527735132355,0.6370967741935484,1.7290149057448796,0.08380642736485011,1.0
250,False,True,False,True,True,True,True,True,9,0.00015495867768595042,0.0009340303135741104,0.5555555555555556,,,
251,True,True,False,True,True,True,True,True,67,0.001153581267217631,0.000204421909795101,0.4626865671641791,0.336735654469337,0.7363161830689814,1.0
252,False,False,True,True,True,True,True,True,137,0.002358815426997245,0.00014463622652061055,0.5985401459854015,0.7263645858073183,0.46761529540380986,1.0
253,True,False,True,True,True,True,True,True,6,0.00010330578512396694,-7.598750894960427e-05,0.3333333333333333,,,
254,False,True,True,True,True,True,True,True,258,0.004442148760330579,-0.00018518392207487,0.5697674418604651,-0.7574177492195645,0.44879962574876575,1.0
255,True,True,True,True,True,True,True,True,238,0.004097796143250689,6.403913455164653e-05,0.6092436974789915,0.21713712161659246,0.8281014851589618,1.0
